title,seendate,domain,language,sourcecountry,url,socialimage,url_mobile,is_conflict_relevant,conflict_topic,domain_category,publish_date,publish_hour,publish_day
Australian Fertiliser : Middle East conflict impacts supply | Farm Weekly,2026-03-17 04:45:00,farmweekly.com.au,English,Australia,https://www.farmweekly.com.au/story/9201086/australian-fertiliser-middle-east-conflict-impacts-supply/,https://www.farmweekly.com.au/images/transform/v1/crop/frm/247585121/1f8873cc-63f8-4e7d-9c5e-bb55d62b0811.jpg/r0_889_9504_5879_w1200_h630_fmax.jpg,,True,Middle East,News/Media,2026-03-17,4,Tuesday
Triều Tiên sắp khánh thành bảo tàng vinh danh binh sĩ tử trận trong chiến sự Ukraine,2026-03-17 04:45:00,tuoitre.vn,Vietnamese,Vietnam,https://tuoitre.vn/trieu-tien-sap-khanh-thanh-bao-tang-vinh-danh-binh-si-tu-tran-trong-chien-su-ukraine-20260317101558557.htm,https://cdn2.tuoitre.vn/thumb_w/1200/471584752817336320/2026/3/17/4727552a-ab24-45ed-8ac0-8ef847217e20-1773715456946106356163-17-193-921-1920-crop-17737193479531863037246.jpg,,True,Ukraine,News/Media,2026-03-17,4,Tuesday
New Zealand minister warns of Middle East supply chain risks - Xinhua,2026-03-17 04:45:00,english.news.cn,English,Unknown,https://english.news.cn/20260317/0b82f05be6c24894a6af52c2d961105d/c.html,,,True,Middle East,News/Media,2026-03-17,4,Tuesday
Sending Australian navy to Middle East not a priority,2026-03-17 04:45:00,narrominenewsonline.com.au,English,Australia,https://www.narrominenewsonline.com.au/story/9200547/sending-australian-navy-to-middle-east-not-a-priority/,https://www.narrominenewsonline.com.au/images/transform/v1/crop/frm/silverstone-feed-data/a006e77c-fb14-4a3e-943b-cee70aa0f32f.jpg/r0_90_800_510_w1200_h630_fmax.jpg,,True,Middle East,News/Media,2026-03-17,4,Tuesday
La banque centrale dAustralie relève ses taux lors dun vote serré alors que le conflit iranien attise les risques dinflation,2026-03-17 04:45:00,zonebourse.com,French,France,https://www.zonebourse.com/actualite-bourse/la-banque-centrale-d-australie-releve-ses-taux-lors-d-un-vote-serre-alors-que-le-conflit-iranien-att-ce7e5edbdb8ff62c,https://cdn.zonebourse.com/static/resize/0/0/images/reuters/2025-08/2025-08-12T043234Z_1_LYNXMPEL7B04K_RTROPTP_4_AUSTRALIA-ECONOMY-RATES.JPG,,True,Middle East,News/Media,2026-03-17,4,Tuesday
Aussie dollar eases as RBA hikes rate ; currencies drift on war uncertainty,2026-03-17 04:45:00,marketscreener.com,English,Unknown,https://www.marketscreener.com/news/aussie-dollar-eases-as-rba-hikes-rate-currencies-drift-on-war-uncertainty-ce7e5edbdb8fff27,https://cdn.zonebourse.com/static/resize/0/0/images/reuters/2025-05/2025-05-05T002015Z_1_LYNXMPEL4400K_RTROPTP_4_GLOBAL-FOREX.JPG,,True,Other,News/Media,2026-03-17,4,Tuesday
Sending Australian navy to Middle East not a priority,2026-03-17 04:45:00,newcastleherald.com.au,English,Unknown,https://www.newcastleherald.com.au/story/9200547/sending-australian-navy-to-middle-east-not-a-priority/,https://www.newcastleherald.com.au/images/transform/v1/crop/frm/silverstone-feed-data/a006e77c-fb14-4a3e-943b-cee70aa0f32f.jpg/r0_90_800_510_w1200_h630_fmax.jpg,,True,Middle East,News/Media,2026-03-17,4,Tuesday
"Man who attacked a Michigan synagogue was suicidal , ex - wife told police in 911 call",2026-03-17 04:45:00,ktsa.com,English,United States,https://www.ktsa.com/man-who-attacked-a-michigan-synagogue-was-suicidal-ex-wife-told-police-in-911-call/,https://mapi.associatedpress.com/v2/items/7c298894b25c4bc0946036139bb722b8.0/preview/preview.jpg?nfe=true&wm=false&app=MPK&tag=tag%3Dact%7E%3Arss%21orgId%7E66880%21iid%7E7c298894b25c4bc0946036139bb722b8%21qt%7EeZVSYZI4wfR&icb=1773718944,,True,Other,News/Media,2026-03-17,4,Tuesday
Canciller iraní culpa a consejeros de Trump por la guerra con Irán,2026-03-17 04:45:00,hispantv.com,Spanish,Syria,https://www.hispantv.com/noticias/politica/641744/iran-araqchi-eeuu-consejos-equivocados-guerra-trump,https://cdn.hispantv.com/hispanmedia/files/images/thumbnail/20260220/06010559_xl.jpg,,True,Middle East,News/Media,2026-03-17,4,Tuesday
New Zealand minister warns of Middle East supply chain risks - Xinhua,2026-03-17 04:45:00,english.news.cn,English,Unknown,https://english.news.cn/asiapacific/20260317/808f15c370164e49beaf064ed84b21cf/c.html,,,True,Middle East,News/Media,2026-03-17,4,Tuesday
Southend friends to head to Ukraine to save injured animals,2026-03-17 04:45:00,echo-news.co.uk,English,United Kingdom,https://www.echo-news.co.uk/news/25938963.southend-friends-head-ukraine-save-injured-animals/,https://www.echo-news.co.uk/resources/images/20662469.jpg?type=og-image,,True,Ukraine,News/Media,2026-03-17,4,Tuesday
Redington shares nosedive 5 % as Middle East war disrupts operations of Gulf subsidiary,2026-03-17 04:45:00,economictimes.indiatimes.com,English,India,https://economictimes.indiatimes.com/markets/stocks/news/redington-shares-in-focus-as-middle-east-war-disrupts-operations-of-gulf-subsidiary/articleshow/129622928.cms,"https://img.etimg.com/thumb/msid-129622923,width-1200,height-630,imgsize-17518,overlay-etmarkets/articleshow.jpg",https://m.economictimes.com/markets/stocks/news/redington-shares-in-focus-as-middle-east-war-disrupts-operations-of-gulf-subsidiary/amp_articleshow/129622928.cms,True,Middle East,News/Media,2026-03-17,4,Tuesday
Diesel and petrol price rises prompt truckies and businesses like Blenners Transport to warn of higher grocery prices,2026-03-17 04:45:00,afr.com,English,Australia,https://www.afr.com/politics/federal/truckies-warning-prepare-to-pay-more-for-bananas-avos-mangoes-20260316-p5ob0e,https://static.ffx.io/images/$zoom_0.2943%2C$multiply_3%2C$ratio_1.777778%2C$width_1059%2C$x_598%2C$y_95/t_crop_custom/c_scale%2Cw_800%2Cq_88%2Cf_jpg/t_afr_no_label_no_age_social_wm/cc57f1c3add1837d585d0b612bbe8598ac4d130d,,True,Other,News/Media,2026-03-17,4,Tuesday
Embajada EE . UU . en Bagdad recibe nuevo ataque aéreo iraní,2026-03-17 04:45:00,dw.com,Spanish,Germany,https://www.dw.com/es/embajada-eeuu-en-bagdad-recibe-nuevo-ataque-a%C3%A9reo-iran%C3%AD/a-76388239,https://static.dw.com/image/72878149_6.jpg,https://amp.dw.com/es/embajada-eeuu-en-bagdad-recibe-nuevo-ataque-a%C3%A9reo-iran%C3%AD/a-76388239,True,Middle East,News/Media,2026-03-17,4,Tuesday
"For Donald Trump , the Middle East war is a way to avenge the United State past military traumas",2026-03-17 04:45:00,lemonde.fr,English,France,https://www.lemonde.fr/en/opinion/article/2026/03/17/for-donald-trump-the-middle-east-war-is-a-way-to-avenge-the-united-states-past-military-traumas_6751507_23.html,https://img.lemde.fr/2026/03/05/0/0/1500/1000/1440/960/60/0/d09a6fb_upload-1-ufawt3i05por-frame-1461.jpg,,True,Middle East,News/Media,2026-03-17,4,Tuesday
"Israeli ground offensive in Lebanon could have  devastating consequences , Western leaders warn",2026-03-17 04:45:00,aa.com.tr,English,Turkey,https://www.aa.com.tr/en/middle-east/israeli-ground-offensive-in-lebanon-could-have-devastating-consequences-western-leaders-warn/3867346,https://cdnuploads.aa.com.tr/uploads/Contents/2026/03/17/thumbs_b_c_531d06892de9984ff6ee4ff3aacbbd29.jpg?v=010212,,True,Middle East,News/Media,2026-03-17,4,Tuesday
Gulf states press US to neutralise Iran for good as Hormuz crisis deepens,2026-03-17 04:45:00,asiaone.com,English,Singapore,https://www.asiaone.com/world/gulf-states-press-us-neutralise-iran-good-hormuz-crisis-deepens,https://media.asiaone.com/sites/default/files/styles/article_top_image/public/original_images/Mar2026/_IRAN-CRISIS-EMIRATES-INCIDENT.JPG?itok=yXuOmuSQ,,True,Middle East,News/Media,2026-03-17,4,Tuesday
Starmer to chair Cabinet after Trump attack on united kingdom response to Iran war,2026-03-17 04:45:00,ipswichstar.co.uk,English,United Kingdom,https://www.ipswichstar.co.uk/news/national/25941925.starmer-chair-cabinet-trump-attack-uks-response-iran-war/,https://www.ipswichstar.co.uk/resources/images/20666883.jpg?type=og-image,,True,Middle East,News/Media,2026-03-17,4,Tuesday
"In Iraqi Kurdistan , the trauma of the Halabja chemical massacre resurfaces as war returns to Iran",2026-03-17 04:45:00,lemonde.fr,English,France,https://www.lemonde.fr/en/international/article/2026/03/17/in-iraqi-kurdistan-the-trauma-of-the-halabja-chemical-massacre-resurfaces-as-war-returns-to-iran_6751509_4.html,https://img.lemde.fr/2026/03/15/0/0/5719/3812/1440/960/60/0/2d5fcad_upload-1-drljzpvkqh8t-paulinegauer-halabja-lemonde-14.jpg,,True,Middle East,News/Media,2026-03-17,4,Tuesday
Iran Tegaskan tak Pernah Minta Gencatan Senjata,2026-03-17 04:45:00,khazanah.republika.co.id,Indonesian,Indonesia,https://khazanah.republika.co.id/berita/tc108s430/iran-tegaskan-tak-pernah-minta-gencatan-senjata,https://static.republika.co.id/uploads/images/kanal_slide/abbas-araqchi-_140519200417-840.jpg,,True,Middle East,News/Media,2026-03-17,4,Tuesday
अफगानिस्तान के अस्पताल पर पाकिस्तान के हवाई हमले में 400 लोगों की मौत - 400 people killed in pakistan strike on afghanistan hospital,2026-03-17 04:45:00,hindi.business-standard.com,Hindi,India,https://hindi.business-standard.com/international/400-people-killed-in-pakistan-strike-on-afghanistan-hospital-id-512446,https://hindibusinessstandard.imagibyte.sortdcdn.net/wp-content/uploads/2026/03/afgan-airstrike.jpg,https://hindi.business-standard.com/international/400-people-killed-in-pakistan-strike-on-afghanistan-hospital-id-512446/amp,True,Other,News/Media,2026-03-17,4,Tuesday
"Thủ tướng Bỉ kêu gọi EU đàm phán với Nga , chỉ trích Mỹ  gần Putin hơn Ukraine",2026-03-17 04:45:00,tuoitre.vn,Vietnamese,Vietnam,https://tuoitre.vn/thu-tuong-bi-keu-goi-eu-dam-phan-voi-nga-chi-trich-my-gan-putin-hon-ukraine-20260317103254758.htm,https://cdn2.tuoitre.vn/thumb_w/1200/471584752817336320/2026/3/17/afp2026021197236m7v1highresbelgiumeuindustrysummit-1773718180806673352785-349-81-1647-2560-crop-1773720324811762124217.jpg,,True,Ukraine,News/Media,2026-03-17,4,Tuesday
US - Israel - Iran war : UAE reopens airspace after temporary closure amid regional escalation,2026-03-17 04:45:00,siasat.com,English,India,https://www.siasat.com/us-israel-iran-war-uae-temporarily-closes-its-airspace-amid-iranian-strikes-3436150/,https://cdn.siasat.com/wp-content/uploads/2026/03/emirates-a380-landing-dubai-international-airport-march-2026.jpg,,True,Middle East,News/Media,2026-03-17,4,Tuesday
"Deadly retaliation  awaits enemies over killing of sailors in Indian Ocean , warns Iran Navy chief",2026-03-17 04:45:00,nepalnational.com,English,Nepal,http://www.nepalnational.com/news/278926596/deadly-retaliation-awaits-enemies-over-killing-of-sailors-in-indian-ocean-warns-iran-navy-chief,https://image.chitra.live/api/v1/wps/3904eea/4ed7d0aa-5e9f-453f-96b3-622f9dbe3170/0/ANI-20260317031357-600x315.jpg,,True,Middle East,News/Media,2026-03-17,4,Tuesday
"Pak - Afghan Conflict : Pakistani Airstrike on Kabul Hospital , Delhi News in Hindi",2026-03-17 04:45:00,khaskhabar.com,Hindi,India,https://www.khaskhabar.com/local/delhi-ncr/delhi-news/news-pak-afghan-conflict-pakistani-airstrike-on-kabul-hospital-news-hindi-1-798849-KKN.html,https://www.khaskhabar.com/s3-storage/khaskhabar/khaskhabarimages/img500/1-77-1773720379-798849-khaskhabar.jpg,https://m.khaskhabar.com/amp/news/news-pak-afghan-conflict-pakistani-airstrike-on-kabul-hospital-news-hindi-1-798849-KKN.html?PageSpeed=off,True,Other,News/Media,2026-03-17,4,Tuesday
Sending Australian navy to Middle East not a priority,2026-03-17 04:45:00,katherinetimes.com.au,English,Australia,https://www.katherinetimes.com.au/story/9200547/sending-australian-navy-to-middle-east-not-a-priority/,https://www.katherinetimes.com.au/images/transform/v1/crop/frm/silverstone-feed-data/a006e77c-fb14-4a3e-943b-cee70aa0f32f.jpg/r0_90_800_510_w1200_h630_fmax.jpg,,True,Middle East,News/Media,2026-03-17,4,Tuesday
Cuộc sống dưới hầm trú ẩn của người Israel,2026-03-17 04:45:00,vnexpress.net,Vietnamese,Vietnam,https://vnexpress.net/cuoc-song-duoi-ham-tru-an-cua-nguoi-israel-5051010.html,https://i2-vnexpress.vnecdn.net/2026/03/16/download1-1773650495-9171-1773650773.jpg?&q=100&dpr=1&fit=crop&s=W4i6aW8Ux6invhH4NObmtw,,True,Middle East,News/Media,2026-03-17,4,Tuesday
Starmer to chair Cabinet after Trump attack on united kingdom response to Iran war,2026-03-17 04:45:00,halsteadgazette.co.uk,English,United Kingdom,https://www.halsteadgazette.co.uk/news/national/25941925.starmer-chair-cabinet-trump-attack-uks-response-iran-war/,https://www.halsteadgazette.co.uk/resources/images/20666883.jpg?type=og-image,,True,Middle East,News/Media,2026-03-17,4,Tuesday
"<em>One Battle After Another< / em> wins the top Academy Awards ; Javier Bardem shows courage amid a general mood of disquiet , opposition",2026-03-17 04:45:00,wsws.org,English,United States,https://www.wsws.org/en/articles/2026/03/17/rgyu-m17.html,,,True,Other,Organization,2026-03-17,4,Tuesday
"RBA interest rates : Reserve Bank lifts cash rate to 4 . 1 per cent amid Middle East conflict , inflation fears",2026-03-17 04:45:00,afr.com,English,Australia,https://www.afr.com/policy/economy/rba-raises-cash-rate-in-a-line-ball-decision-20260316-p5ob0d,https://static.ffx.io/images/$zoom_0.2349%2C$multiply_3%2C$ratio_1.777778%2C$width_1059%2C$x_123%2C$y_14/t_crop_custom/c_scale%2Cw_800%2Cq_88%2Cf_jpg/t_afr_no_label_no_age_social_wm/1065feb924d901253f4107251989d30a49fbf7b8,,True,Middle East,News/Media,2026-03-17,4,Tuesday
Iran - Krieg : Fragen und Antworten für Flugpassagiere,2026-03-17 04:45:00,nzz.ch,German,Switzerland,https://www.nzz.ch/wirtschaft/ein-reiseexperte-aeussert-sich-zum-iran-krieg-ein-ungutes-gefuehl-ist-kein-annullationsgrund-ld.1929407,"https://img.nzz.ch/2026/03/16/24446c9f-1be7-4462-8385-9b5b2ecfb6a9.jpg?&fit=bounds&quality=75&auto=webp&crop=3000,1687,x0,y313&wmark=nzz",,True,Middle East,News/Media,2026-03-17,4,Tuesday
Sending Australian navy to Middle East not a priority,2026-03-17 04:45:00,westernadvocate.com.au,English,Australia,https://www.westernadvocate.com.au/story/9200547/sending-australian-navy-to-middle-east-not-a-priority/,https://www.westernadvocate.com.au/images/transform/v1/crop/frm/silverstone-feed-data/a006e77c-fb14-4a3e-943b-cee70aa0f32f.jpg/r0_90_800_510_w1200_h630_fmax.jpg,,True,Middle East,News/Media,2026-03-17,4,Tuesday
Araghchi says his last contact with US envoy Witkoff was before  illegal military attack  on Iran,2026-03-17 04:45:00,aa.com.tr,English,Turkey,https://www.aa.com.tr/en/americas/araghchi-says-his-last-contact-with-us-envoy-witkoff-was-before-illegal-military-attack-on-iran/3867341,https://cdnuploads.aa.com.tr/uploads/Contents/2026/03/17/thumbs_b_c_348134877ca7dcf0740252855f7ff15f.jpg?v=005603,,True,Middle East,News/Media,2026-03-17,4,Tuesday
More than 50 flights from Pakistan to Middle East cancelled amid regional crisis,2026-03-17 04:45:00,dunyanews.tv,English,Pakistan,https://dunyanews.tv/en/Pakistan/940923-more-than-50-flights-from-pakistan-to-middle-east-cancelled-amid-regio,https://img.dunyanews.tv/news/2026/March/03-17-26/news_big_images/940923_25444428.jpg,,True,Middle East,News/Media,2026-03-17,4,Tuesday
"Russia Condemns US - Israel , Urges End to Middle East Conflict",2026-03-17 04:45:00,newkerala.com,English,India,https://www.newkerala.com/news/a/russia-urges-end-middle-east-hostilities-condemns-us-israel-430.htm,https://one.newkerala.com/images/t/newkerala-com-news250.webp,,True,Ukraine,News/Media,2026-03-17,4,Tuesday
"Iran accuses Gulf monarchies of quietly backing US strikes , deepening mistrust as war spreads",2026-03-17 04:45:00,theweek.in,English,India,https://www.theweek.in/news/middle-east/2026/03/17/iran-accuses-gulf-monarchies-of-quietly-backing-us-strikes-deepening-mistrust-as-war-spreads.html,https://www.theweek.in/content/dam/week/week/news/middle-east/images/2026/3/17/iran-woman-funeral1-reuters.jpg,https://www.theweek.in/news/middle-east/2026/03/17/iran-accuses-gulf-monarchies-of-quietly-backing-us-strikes-deepening-mistrust-as-war-spreads.amp.html,True,Middle East,News/Media,2026-03-17,4,Tuesday
Israel lanza nuevos ataques contra Teherán y Beirut,2026-03-17 04:45:00,dw.com,Spanish,Germany,https://www.dw.com/es/israel-afirma-que-inici%C3%B3-nuevos-ataques-contra-teher%C3%A1n-y-beirut/live-76373619,https://static.dw.com/image/76378923_6.jpg,,True,Middle East,News/Media,2026-03-17,4,Tuesday
Iran War Hormuz : Allies Resist U . S . Push to Send Warships A Rift Over Strategy and Risk,2026-03-17 04:45:00,el-balad.com,English,Egypt,https://www.el-balad.com/16883695,https://www.el-balad.com/uploads/images/202603/image_1200x675_69b8d20da5571.webp,,True,Middle East,News/Media,2026-03-17,4,Tuesday
Buques iraníes destruidos por EE . UU . pasan de 100,2026-03-17 04:45:00,acn.com.ve,Spanish,Venezuela,https://acn.com.ve/buques-iranies-destruidos-ee-uu-pasan-100/,https://acn.com.ve/wp-content/uploads/2026/03/Buques-iranies-destruidos-pasan-de-100-Agencia-Carabobena-de-Noticias.jpg,https://acn.com.ve/buques-iranies-destruidos-ee-uu-pasan-100/amp/,True,Middle East,News/Media,2026-03-17,4,Tuesday
Im afraid of waking up to find my city has been bombed : Lebanese and Iranian students in France live with the anxiety of war from afar,2026-03-17 04:45:00,lemonde.fr,English,France,https://www.lemonde.fr/en/campus/article/2026/03/17/i-m-afraid-of-waking-up-to-find-my-city-has-been-bombed-lebanese-and-iranian-students-in-france-live-with-the-anxiety-of-war-from-afar_6751506_11.html,https://img.lemde.fr/2026/03/15/1513/0/2668/1778/1440/960/60/0/6af9d21_upload-1-lndmhwzh1tih-mahka-eslami-portrait-e-tudiants-libanais001.jpg,,True,Middle East,News/Media,2026-03-17,4,Tuesday
Starmer to chair Cabinet after Trump attack on united kingdom response to Iran war,2026-03-17 04:45:00,theboltonnews.co.uk,English,United Kingdom,https://www.theboltonnews.co.uk/news/national/25941925.starmer-chair-cabinet-trump-attack-uks-response-iran-war/,https://www.theboltonnews.co.uk/resources/images/20666883.jpg?type=og-image,,True,Middle East,News/Media,2026-03-17,4,Tuesday
主演 ・ 山本千尋 、 監督 ・ 坂本浩一 アクション時代劇 『 NINJA WARS 』 メインビジュアル ・ 特報映像解禁 ！ ｜プレスリリース｜北國新聞,2026-03-17 04:45:00,hokkoku.co.jp,Japanese,Japan,https://www.hokkoku.co.jp/ud/pressrelease/69b8d3047079c8c58a000000,https://hokkoku.ismcdn.jp/mwimgs/0/3/600wm/img_036240b2c465457141c1c36a90034b3333368.png,,True,Other,News/Media,2026-03-17,4,Tuesday
Putin New Powers to Deploy Troops Abroad Raise Fears of Wider Aggression,2026-03-17 04:45:00,kyivpost.com,English,Ukraine,https://www.kyivpost.com/post/72037,https://static.kyivpost.com/storage/2026/03/13/5af01d981fe09ccfebc65dfd38393994.jpg?&q=90&f=jpg,,True,Ukraine,News/Media,2026-03-17,4,Tuesday
Israel fliegt neue Angriffe auf Ziele in Teheran und Beirut,2026-03-17 04:45:00,kreisbote.de,German,Germany,http://www.kreisbote.de/politik/israel-fliegt-neue-angriffe-auf-ziele-in-teheran-und-beirut-zr-94221280.html,,,True,Middle East,News/Media,2026-03-17,4,Tuesday
Gold firms as investors assess West Asia fallout ahead of policy decisions,2026-03-17 04:45:00,thehindubusinessline.com,English,India,https://www.thehindubusinessline.com/markets/gold/gold-firms-as-investors-assess-west-asia-fallout-ahead-of-policy-decisions/article70752462.ece,https://bl-i.thgim.com/public/incoming/ft3k6d/article70752465.ece/alternates/LANDSCAPE_1200/2026-02-25T190310Z_1723057193_RC24L9A97U7F_RTRMADP_3_GHANA-GOLD-REFORMS.JPG,https://www.thehindubusinessline.com/markets/gold/gold-firms-as-investors-assess-west-asia-fallout-ahead-of-policy-decisions/article70752462.ece/amp/,True,Middle East,News/Media,2026-03-17,4,Tuesday
Starmer to chair Cabinet after Trump attack on united kingdom response to Iran war,2026-03-17 04:45:00,stroudnewsandjournal.co.uk,English,United Kingdom,https://www.stroudnewsandjournal.co.uk/news/national/25941925.starmer-chair-cabinet-trump-attack-uks-response-iran-war/,https://www.stroudnewsandjournal.co.uk/resources/images/20666883.jpg?type=og-image,,True,Middle East,News/Media,2026-03-17,4,Tuesday
We cannot continue to be worked like slaves : Colorado meatpacking workers strike at JBS plant,2026-03-17 04:45:00,wsws.org,English,United States,https://www.wsws.org/en/articles/2026/03/17/idqv-m17.html,,,True,Other,Organization,2026-03-17,4,Tuesday
Starmer to chair Cabinet after Trump attack on united kingdom response to Iran war | The Wiltshire Gazette and Herald,2026-03-17 04:45:00,gazetteandherald.co.uk,English,United Kingdom,https://www.gazetteandherald.co.uk/news/national/25941925.starmer-chair-cabinet-trump-attack-uks-response-iran-war/,https://www.gazetteandherald.co.uk/resources/images/20666883.jpg?type=og-image,,True,Middle East,News/Media,2026-03-17,4,Tuesday
Starmer to chair Cabinet after Trump attack on united kingdom response to Iran war,2026-03-17 04:45:00,clydebankpost.co.uk,English,United Kingdom,https://www.clydebankpost.co.uk/news/national/25941925.starmer-chair-cabinet-trump-attack-uks-response-iran-war/,https://www.clydebankpost.co.uk/resources/images/20666883.jpg?type=og-image,,True,Middle East,News/Media,2026-03-17,4,Tuesday
أسرار الصحف الصادرة الثلثاء 17 آذار 2026 | أخبار الساعة من لبنان والعالم بشكل مباشر | Lebanonfiles,2026-03-17 04:45:00,lebanonfiles.com,Arabic,Unknown,https://www.lebanonfiles.com/2026/articles/%D8%A3%D8%B3%D8%B1%D8%A7%D8%B1/%D8%A3%D8%B3%D8%B1%D8%A7%D8%B1-%D8%A7%D9%84%D8%B5%D8%AD%D9%81-%D8%A7%D9%84%D8%B5%D8%A7%D8%AF%D8%B1%D8%A9-%D8%A7%D9%84%D8%AB%D9%84%D8%AB%D8%A7%D8%A1-17-%D8%A2%D8%B0%D8%A7%D8%B1-2026/,https://www.lebanonfiles.com/wp-content/uploads/2025/11/%D8%A7%D8%B3%D8%B1%D8%A7%D8%B1.jpg,,True,Middle East,News/Media,2026-03-17,4,Tuesday
„ Er war ein toller Kerl : Franz Müntefering schwärmt bei „ Maischberger  von Ex - Kanzler Gerhard Schröder,2026-03-17 04:45:00,kreisbote.de,German,Germany,http://www.kreisbote.de/politik/er-war-ein-toller-kerl-franz-muentefering-schwaermt-bei-maischberger-von-ex-kanzler-gerhard-schroeder-zr-94221300.html,,,True,Other,News/Media,2026-03-17,4,Tuesday
„ Er war ein toller Kerl : Franz Müntefering schwärmt bei „ Maischberger  von Ex - Kanzler Gerhard Schröder,2026-03-17 04:45:00,hna.de,German,Germany,https://www.hna.de/politik/er-war-ein-toller-kerl-franz-muentefering-schwaermt-bei-maischberger-von-ex-kanzler-gerhard-schroeder-zr-94221300.html,,,True,Other,News/Media,2026-03-17,4,Tuesday
Springtime for war crimes,2026-03-17 04:45:00,baptistnews.com,English,United States,https://baptistnews.com/article/springtime-for-war-crimes/,https://baptistnews.com/wp-content/uploads/2026/03/GettyImages-2264179713.jpg,,True,Other,News/Media,2026-03-17,4,Tuesday
Trump asks China to delay Xi summit amid Middle East war,2026-03-17 04:45:00,jagonews24.com,English,Bangladesh,https://www.jagonews24.com/en/international/news/90903,https://cdn.jagonews24.com/media/imgAllNew/BG/2023March/trump-20260317085534.jpg,https://www.jagonews24.com/en/amp/90903,True,Middle East,News/Media,2026-03-17,4,Tuesday
U . S . Stocks Show Resilience Amid Iran Conflict Threatening Global Economy – Analysts,2026-03-17 04:45:00,el-balad.com,English,Egypt,https://www.el-balad.com/16883700,https://www.el-balad.com/uploads/images/202603/image_1200x675_69b8d49c3d32a.webp,,True,Middle East,News/Media,2026-03-17,4,Tuesday
"Over 5 , 500 Flights Cancelled Amid West Asia Conflict , Says Civil Aviation Minister K Rammohan Naidu – 17 March 2026",2026-03-17 04:45:00,heraldgoa.in,English,India,https://www.heraldgoa.in/globe-nation/over-5500-flights-cancelled-amid-west-asia-conflict-says-civil-aviation-minister-k-rammohan-naidu/468272/,https://i0.wp.com/www.heraldgoa.in/wp-content/uploads/2026/03/Screenshot-2026-03-17-093830.png,,True,Middle East,News/Media,2026-03-17,4,Tuesday
Starmer to chair Cabinet after Trump attack on united kingdom response to Iran war,2026-03-17 04:45:00,sthelensstar.co.uk,English,United Kingdom,https://www.sthelensstar.co.uk/news/national/25941925.starmer-chair-cabinet-trump-attack-uks-response-iran-war/,https://www.sthelensstar.co.uk/resources/images/20666883.jpg?type=og-image,,True,Middle East,News/Media,2026-03-17,4,Tuesday
Dubai airport hub rattled after drone strike spotlights Iran war risks,2026-03-17 04:45:00,asiaone.com,English,Singapore,https://www.asiaone.com/asia/dubai-airport-hub-rattled-drone-strike-spotlights-iran-war-risks,https://www.asiaone.com/sites/default/files/styles/article_top_image/public/original_images/Mar2026/smoke%20dubai%20airport.jpg?itok=R-_csWDu,,True,Middle East,News/Media,2026-03-17,4,Tuesday
Afghanistan says 400 people killed in Pakistan strike on Kabul hospital,2026-03-17 04:45:00,kmxt.org,English,United States,https://www.kmxt.org/2026-03-16/afghanistan-says-400-people-killed-in-pakistan-strike-on-kabul-hospital,http://npr-brightspot.s3.amazonaws.com/b2/1a/c3166c674f38ba98ae34e421292a/ap26072433687168.jpg,https://www.kmxt.org/2026-03-16/afghanistan-says-400-people-killed-in-pakistan-strike-on-kabul-hospital?_amp=true,True,Other,Organization,2026-03-17,4,Tuesday
Farmers are angry : Prices hit near - record highs as Iran war strains global supply chain,2026-03-17 04:45:00,ktxs.com,English,United States,https://ktxs.com/news/local/farmers-are-angry-prices-hit-near-record-highs-as-iran-war-strains-global-supply-chain,https://ktxs.com/resources/media2/16x9/1082/1320/9x0/90/8a5ea0f9-8711-476a-836c-ce7ea64dc436-Screenshot20260316171208.png,,True,Middle East,News/Media,2026-03-17,4,Tuesday
